<beans xmlns="http://www.springframework.org/schema/beans"
	xmlns:context="http://www.springframework.org/schema/context"
	xmlns:xsi="http://www.w3.org/2001/XMLSchema-instance"
	xsi:schemaLocation="
http://www.springframework.org/schema/beans
http://www.springframework.org/schema/beans/spring-beans-3.0.xsd
http://www.springframework.org/schema/context
http://www.springframework.org/schema/context/spring-context-3.0.xsd">

	<context:component-scan base-package="com.ipd12.controller" />

	<bean
		class="org.springframework.web.servlet.view.InternalResourceViewResolver">
		<property name="prefix" value="/WEB-INF/views/" />
		<property name="suffix"> <value>.jsp</value> </property>
	</bean>
	
	<bean id="studentManager" class="com.ipd12.service.StudentManager">
		<property name="student" ref="student" />
	</bean>
	<bean id="student" class="com.ipd12.model.Student" >
		<property name="username" value="user1" />
		<property name="password" value="pass1" />
		<property name="city" value="Montreal" />
	</bean>
</beans>